id,name,model_id:id,group_id:id,perm_read,perm_write,perm_create,perm_unlink
,,,,,,,
,,,,,,,
,,,,,,,
,,,,,,,
,,,,,,,
,,,,,,,
access_car_car_user,car.car.user,fleet_car_workshop.model_car_car,fleet.fleet_group_user,1,0,0,0
access_car_workshop_user,car.workshop.user,fleet_car_workshop.model_car_workshop,fleet.fleet_group_user,1,0,0,0
access_worksheet_tags_all_user,car.car_tags_all,fleet_car_workshop.model_worksheet_tags,fleet.fleet_group_user,1,0,0,0
access_worksheet_stages_user,worksheet.stages.user,fleet_car_workshop.model_worksheet_stages,fleet.fleet_group_user,1,0,0,0
access_material_used_user,material.used.user,fleet_car_workshop.model_material_used,fleet.fleet_group_user,1,0,0,0
access_planned_work_user,planned.work.user,fleet_car_workshop.model_planned_work,fleet.fleet_group_user,1,0,0,0
,,,,,,,
access_car_car_manager,car.car.manager,fleet_car_workshop.model_car_car,fleet.fleet_group_manager,1,1,1,1
access_car_workshop_manager,car.workshop.manager,fleet_car_workshop.model_car_workshop,fleet.fleet_group_manager,1,1,1,1
access_worksheet_tags_all_manager,car.car_tags_all.manager,fleet_car_workshop.model_worksheet_tags,fleet.fleet_group_manager,1,1,1,1
access_worksheet_stages_manager,worksheet.stages.manager,fleet_car_workshop.model_worksheet_stages,fleet.fleet_group_manager,1,1,1,1
access_material_used_manager,material.used.manager,fleet_car_workshop.model_material_used,fleet.fleet_group_manager,1,1,1,1
access_planned_work_manager,planned.work.manager,fleet_car_workshop.model_planned_work,fleet.fleet_group_manager,1,1,1,1
